disciplina,tipo_pergunta,ordem,pergunta,resposta
"Classificação e Organização Corporal","Conceito","1","De onde vem a palavra helminto e o que ela engloba?","Vem do grego helmins (verme); engloba tanto espécies de vida livre quanto espécies parasitas."
"Classificação e Organização Corporal","Conceito","2","Quais são os dois filos de helmintos de importância médico-veterinária?","Platyhelminthes (subdividido em Trematoda e Cestoda) e Nematoda (também chamado Nemathelminthes ou Aschelminthes)."
"Classificação e Organização Corporal","Conceito","3","Em que grupo e sub-reino da árvore animal Platyhelminthes e Nematoda se encaixam?","Ambos são Bilateria, dentro do Reino Metazoa/Animalia, Sub-reino Eumetazoa."
"Classificação e Organização Corporal","Conceito","4","Qual a diferença entre Deuterostomia e Protostomia, e onde ficam os helmintos?","Deuterostomia é o ramo que origina Echinodermata e Chordata (não inclui helmintos); os helmintos ficam no ramo Protostomia."
"Classificação e Organização Corporal","Conceito","5","Como o ramo Protostomia se divide, e em qual sub-ramo fica cada filo de helminto?","Divide-se em Lophotrochozoa (inclui Platyhelminthes, junto com Rotifera, Ectoprocta, Brachiopoda, Mollusca e Annelida) e Ecdysozoa (inclui Nematoda, junto com Arthropoda)."
"Classificação e Organização Corporal","Conceito","6","Platyhelminthes e Nematoda são filos irmãos?","Não -- vêm de ramos diferentes dentro dos protostômios (Lophotrochozoa x Ecdysozoa), o que explica por que suas anatomias são tão distintas (corpo achatado x cilíndrico, acelomado x pseudocelomado)."
"Classificação e Organização Corporal","Conceito","7","O que caracteriza um animal triblástico?","Ter três folhetos germinativos: ectoderme, mesoderme e endoderme."
"Classificação e Organização Corporal","Conceito","8","Qual o critério estrutural que mais separa Platyhelminthes de Nematoda?","O padrão de organização da cavidade corporal: acelomado nos platelmintos, pseudocelomado nos nematódeos."
"Classificação e Organização Corporal","Conceito","9","O que caracteriza a organização acelomada, e quem a tem?","Ausência de cavidade corporal -- a mesoderme preenche todo o espaço entre a epiderme e o intestino como uma camada maciça, e o intestino é revestido só por endoderme. É o padrão dos platelmintos."
"Classificação e Organização Corporal","Conceito","10","O que caracteriza a organização pseudocelomada, e quem a tem?","Presença de cavidade corporal, preenchida por líquido, mas revestida por mesoderme apenas do lado de fora; o intestino é revestido só por endoderme. É o padrão dos nematódeos."
"Classificação e Organização Corporal","Conceito","11","O que caracteriza a organização celomada, e quem é o exemplo?","Cavidade corporal revestida por mesoderme tanto por fora quanto ao redor do intestino, que ganha uma camada muscular completa de mesoderme. Exemplo: anelídeos."
"Classificação e Organização Corporal","Conceito","12","Como a planária ilustra a organização acelomada de um platelminto de vida livre?","Tem um gânglio cerebral anterior ligado a ocelos e a um lobo sensorial lateral, dois cordões nervosos ventrolaterais, uma faringe muscular central e uma cavidade gastrovascular (arquêntero) ramificada em três braços que funciona como intestino -- sem celoma e sem sistema circulatório."
"Classificação e Organização Corporal","Vinheta (estrutura)","13","Um corte histológico mostra um verme com a mesoderme preenchendo totalmente o espaço entre a epiderme e o intestino, sem cavidade corporal alguma. A que padrão de organização isso corresponde, e a qual filo de helminto ele é típico?","Padrão acelomado, típico do filo Platyhelminthes (platelmintos)."
"Platelmintos Gerais","Conceito","14","Como é o corpo dos platelmintos?","Achatado dorsoventralmente, com simetria bilateral e cefalização."
"Platelmintos Gerais","Conceito","15","Que tipo de organização corporal têm os platelmintos?","Acelomados triblásticos."
"Platelmintos Gerais","Conceito","16","Como é a epiderme dos platelmintos?","Celular ou sincicial."
"Platelmintos Gerais","Conceito","17","Como funciona o sistema excretor dos platelmintos?","Por células-flama (solenócitos): uma célula ciliada em forma de sino cujo tufo de cílios bate ativamente para propelir o líquido de excreção metabólica através de um túbulo coletor até poros excretores."
"Platelmintos Gerais","Conceito","18","Como é o sistema digestivo dos platelmintos, quando presente?","Incompleto."
"Platelmintos Gerais","Conceito","19","Como é o sistema reprodutor dos platelmintos?","Hermafrodita."
"Platelmintos Gerais","Conceito","20","Como é tipicamente o ciclo de vida dos platelmintos?","Heteroxeno, com mais de um hospedeiro."
"Platelmintos Gerais","Conceito","21","Como funciona o ciclo heteroxeno no modelo do gênero Schistosoma?","O hospedeiro definitivo elimina ovos nas fezes perto da água; o ovo eclode na água liberando o miracídio, que infecta um caramujo (hospedeiro intermediário); no caramujo ocorre reprodução assexuada, liberando cercárias (larvas de cauda bifurcada) na água; as cercárias penetram ativamente a pele de um novo hospedeiro definitivo que entra descalço na água, completando o ciclo."
"Trematoda","Conceito","22","Como é o corpo dos trematódeos, quanto a forma, sexos e excreção?","Corpo foliáceo (achatado, em forma de folha), hermafrodita, com sistema excretor de células-flama (núcleo, célula-flama, túbulo, célula do túbulo e vesícula excretora)."
"Trematoda","Conceito","23","Quais estruturas compõem a anatomia geral de um trematódeo?","Ventosa oral anterior (com a boca no centro), esôfago curto, faringe muscular, dois cecos intestinais laterais, ventosa ventral (acetábulo) de fixação, poro genital comum, útero espiralado cheio de ovos, ducto deferente, ovário globular único, receptáculo seminal, dois testículos no terço posterior, bexiga e poro excretores, e glândulas vitelogênicas nas margens laterais."
"Trematoda","Conceito","24","Quais são as duas espécies de Trematoda de importância médica citadas?","Schistosoma mansoni e Fasciola hepatica."
"Trematoda","Conceito","25","Como se dá o acasalamento de Schistosoma mansoni?","O macho é mais largo e espesso, com um canal longitudinal (canal ginecóforo) onde abriga a fêmea -- mais longa, fina e de coloração mais escura por conter, no ceco, pigmento do sangue que digere."
"Cestoda","Conceito","26","Como é o corpo dos cestódeos quanto a segmentação e sistema digestivo?","Segmentado, sem sistema digestivo."
"Cestoda","Conceito","27","O que é o escólex e como ele fixa o verme ao hospedeiro?","É a extremidade anterior do cestódeo; fixa-se por ventosas musculares -- em algumas espécies com uma coroa apical de ganchos quitinosos (rostelo armado) -- ou, em outras, por fendas de sucção longitudinais chamadas bótrias, no lugar das ventosas."
"Cestoda","Conceito","28","O que são o estróbilo e as proglótides?","O estróbilo é a cadeia de segmentos que forma o corpo do cestódeo a partir do escólex; cada segmento é uma proglótide, que amadurece progressivamente: jovem/imatura perto do escólex, madura hermafrodita no meio, e grávida (repleta de ovos fecundados) na extremidade terminal."
"Cestoda","Conceito","29","Quais são as quatro espécies de Cestoda de importância médica citadas?","Taenia solium, Taenia saginata, Hymenolepis nana e Hymenolepis diminuta."
"Cestoda","Conceito","30","Como Echinococcus granulosus ilustra variação na estrobilação?","Tem a estrobilação reduzida a apenas três proglótides: jovem, madura e grávida."
"Cestoda","Conceito","31","Como é o escólex de Hymenolepis nana?","Globoso e desarmado, sem ganchos."
"Cestoda","Conceito","32","O que Diphyllobothrium sp. tem no lugar de ventosas?","Bótrias."
"Cestoda","Vinheta (estrutura)","33","Um verme de corpo segmentado, sem sistema digestivo, tem a extremidade anterior fixada ao hospedeiro por fendas de sucção longitudinais em vez de ventosas. Que estrutura é essa, e qual cestódeo citado a possui?","São bótrias -- presentes, por exemplo, em Diphyllobothrium sp."
"Nematódeos Gerais","Conceito","34","Como é o corpo dos nematódeos, e de onde vem o nome?","Geralmente cilíndrico, com extremidades afiladas; nemato vem do grego nema/nematos, que significa filamento."
"Nematódeos Gerais","Conceito","35","Que tipo de organização corporal têm os nematódeos?","Pseudocelomados triblásticos, geralmente com simetria bilateral."
"Nematódeos Gerais","Conceito","36","Como é o sistema digestivo dos nematódeos?","Tubo digestivo completo, da boca ao ânus, alojado dentro do pseudoceloma."
"Nematódeos Gerais","Conceito","37","Como é o sistema reprodutor dos nematódeos quanto a sexos e tamanho?","Dióicos, com sexos separados; a fêmea é maior que o macho."
"Nematódeos Gerais","Conceito","38","Como é organizada a parede corporal dos nematódeos?","Cutícula externa acelular (de quitina) sobre uma epiderme (hipoderme) de células musculares sinciciais, que se projeta internamente formando cristas laterais, dividindo a musculatura longitudinal em quatro quadrantes."
"Nematódeos Gerais","Conceito","39","Como é organizada cada célula muscular da parede corporal do nematódeo?","Tem uma porção contrátil basal voltada para a hipoderme e uma porção citoplasmática livre (sarcoplasma) voltada para o pseudoceloma."
"Nematódeos Gerais","Conceito","40","Para que serve a cutícula do nematódeo?","Protege contra agentes externos e funciona como exoesqueleto de suporte para os músculos (locomoção) e para a excreção."
"Nematódeos Gerais","Conceito","41","Qual a função do líquido pseudocelomático?","Função hidrostática, além de ser importante para o transporte de oxi-hemoglobina."
"Nematódeos Gerais","Conceito","42","Em um corte histológico de Ascaris lumbricoides usado como modelo geral de nematódeo, quais as medidas de referência da cutícula e das células musculares?","A cutícula mede cerca de 100 micra de espessura; as células musculares têm em média 300 micra."
"Nematódeos Gerais","Conceito","43","Em um corte do ramo uterino de Ascaris lumbricoides, qual o diâmetro de referência e o que se observa dentro dele?","O ramo mede cerca de 900 micra de diâmetro e aparece repleto de ovos férteis em estágio inicial de segmentação, ao lado da crista lateral e de uma estrutura menor correspondente ao oviduto."
"Sistemas Orgânicos dos Nematódeos","Conceito","44","Quantos sistemas orgânicos organizam o corpo do nematódeo, e quais são?","Cinco: digestivo, nervoso, excretor, reprodutor masculino e reprodutor feminino."
"Sistemas Orgânicos dos Nematódeos","Conceito","45","Como é o sistema digestivo do nematódeo?","Tubo completo e contínuo, da boca (anterior) ao ânus (posterior)."
"Sistemas Orgânicos dos Nematódeos","Conceito","46","Como é o sistema nervoso do nematódeo?","Anel nervoso perioesofágico anterior, de onde partem cordões nervosos longitudinais dorsais e ventrais."
"Sistemas Orgânicos dos Nematódeos","Conceito","47","Como é o sistema excretor do nematódeo?","Canais longitudinais em forma de H nos campos laterais do corpo, convergindo para um poro excretor único, ventral e anterior."
"Sistemas Orgânicos dos Nematódeos","Conceito","48","Como é o sistema reprodutor masculino do nematódeo?","Um único tubo genital contínuo e enovelado (testículo, vaso deferente, vesícula seminal), que se abre na cloaca caudal."
"Sistemas Orgânicos dos Nematódeos","Conceito","49","Como é o sistema reprodutor feminino do nematódeo?","Órgãos ramificados em forma de Y (ovários duplos, ovidutos, úteros pareados que se unem numa vagina curta), que se abrem na vulva, de localização mediana-ventral."
"Sistemas Orgânicos dos Nematódeos","Conceito","50","O nematódeo tem sistema circulatório ou respiratório?","Não. A distribuição de substâncias é feita pelo líquido pseudocelomático, e as trocas gasosas ocorrem por difusão através do tegumento."
"Anatomia Comparada dos Nematódeos","Conceito","51","Num corte sagital, quais estruturas a fêmea do nematódeo apresenta, da extremidade anterior à posterior?","Cavidade bucal, anfídio (órgão sensorial anterior), faringe, anel nervoso, poro e glândula excretores, espermateca, útero (com ovos), pseudoceloma com celomócitos, ovário, vagina, glândula retal, ânus, músculo dilatador do reto e fasmídio (órgão sensorial caudal)."
"Anatomia Comparada dos Nematódeos","Conceito","52","Como é a extremidade posterior do macho do nematódeo em relação à da fêmea?","O macho é menor e tem a extremidade posterior recurvada; a fêmea é maior e reta."
"Anatomia Comparada dos Nematódeos","Conceito","53","Quais estruturas o macho do nematódeo apresenta, da extremidade anterior à posterior?","Papila sensorial cefálica, faringe, anel nervoso, glândula excretora, pseudoceloma, um testículo único longo e enovelado, intestino, vaso deferente com espermatozoides, um ou mais espículos copulatórios quitinosos guardados num saco de espículo, papila genital e uma cloaca envolta por uma bolsa copuladora membranosa sustentada por raios cuticulares."
"Anatomia Comparada dos Nematódeos","Conceito","54","O que é a cloaca no macho do nematódeo?","A saída comum digestiva e reprodutiva."
"Anatomia Comparada dos Nematódeos","Conceito","55","Por que os termos espículo copulatório e bolsa copuladora são importantes de reconhecer?","Porque reaparecem na morfologia de praticamente todo nematódeo macho adulto de importância médica."
"Reprodução e Desenvolvimento Larval","Conceito","56","Quais são os três padrões do sistema reprodutor feminino dos nematódeos?","Ovíparas, ovovivíparas e vivíparas -- cada um associado a uma via de transmissão diferente."
"Reprodução e Desenvolvimento Larval","Conceito","57","Como funciona o padrão ovíparo, e quais espécies o representam?","Ciclo monoxeno; a fêmea elimina ovos ainda não segmentados, a larva se desenvolve dentro do ovo no meio externo, e a transmissão ocorre pela ingestão do ovo. Espécies: Ascaris lumbricoides, Trichuris trichiura, Enterobius vermicularis, Toxocara sp."
"Reprodução e Desenvolvimento Larval","Conceito","58","Como funciona o padrão ovovivíparo, e quais espécies o representam?","Ciclo monoxeno; a fêmea elimina ovos já em estágio segmentado, as larvas eclodem e se desenvolvem no meio externo (solo), e a transmissão ocorre pela penetração ativa da larva na pele ou mucosa. Espécies: Strongyloides stercoralis, Ancylostoma duodenale, Necator americanus."
"Reprodução e Desenvolvimento Larval","Conceito","59","Como funciona o padrão vivíparo, e quais espécies o representam?","Ciclo heteroxeno; o hospedeiro definitivo abriga os vermes adultos, que liberam larvas (microfilárias) direto no sangue; um hospedeiro intermediário é necessário para o desenvolvimento larval; a transmissão ocorre por penetração passiva da larva na pele. Espécies: Wuchereria bancrofti, Onchocerca volvulus."
"Reprodução e Desenvolvimento Larval","Conceito","60","No ciclo vivíparo/heteroxeno da filariose por Wuchereria bancrofti, onde vivem os vermes adultos e o que eles causam?","Vivem enrolados nos vasos linfáticos e linfonodos do hospedeiro humano definitivo, causando obstrução linfática crônica."
"Reprodução e Desenvolvimento Larval","Conceito","61","Como as fêmeas de Wuchereria bancrofti liberam as microfilárias?","Na circulação sanguínea, com periodicidade noturna."
"Reprodução e Desenvolvimento Larval","Conceito","62","Qual o papel do mosquito Culex no ciclo de Wuchereria bancrofti?","Ingere as microfilárias ao picar o hospedeiro infectado; no estômago e na musculatura torácica do mosquito, as microfilárias se diferenciam de L1 para L2 e depois para a larva L3 filariforme infectante, que migra até a probóscide."
"Reprodução e Desenvolvimento Larval","Conceito","63","Como a larva L3 de Wuchereria bancrofti chega a um novo hospedeiro humano?","Ao picar um novo hospedeiro, o mosquito deposita a L3 sobre a pele lesada pela picada (penetração passiva); as larvas penetram a circulação linfática e, após vários meses e mudas finais, atingem a maturidade sexual."
"Reprodução e Desenvolvimento Larval","Conceito","64","Quais são os estágios do desenvolvimento larval do nematódeo, da eclosão à forma adulta?","Ovo (com a larva L1 dentro) -> eclosão -> Larva L1 -> 1a muda -> Larva L2 -> 2a muda -> Larva L3, frequentemente a forma filariforme e infectante -> 3a muda -> Larva L4 -> 4a muda -> Adulto."
"Reprodução e Desenvolvimento Larval","Conceito","65","O que caracteriza o estágio larval do desenvolvimento do nematódeo?","É aeróbico facultativo; as larvas são menores e sexualmente imaturas em relação ao adulto."
"Reprodução e Desenvolvimento Larval","Vinheta (estrutura)","66","Um nematódeo fêmea elimina ovos já em estágio segmentado nas fezes; no solo as larvas eclodem e se desenvolvem, e a infecção do próximo hospedeiro ocorre pela penetração ativa da larva na pele. A que padrão reprodutivo isso corresponde, e quais espécies médicas seguem esse padrão?","Padrão ovovivíparo (ciclo monoxeno) -- exemplos: Strongyloides stercoralis, Ancylostoma duodenale, Necator americanus."
"Reprodução e Desenvolvimento Larval","Vinheta (estrutura)","67","Um paciente tem vermes adultos enrolados em vasos linfáticos causando obstrução linfática crônica, com fêmeas liberando larvas direto no sangue com periodicidade noturna, e um mosquito como hospedeiro intermediário obrigatório. A que padrão reprodutivo e a qual espécie isso corresponde?","Padrão vivíparo (ciclo heteroxeno) -- modelo da filariose por Wuchereria bancrofti."
"Geo-helmintos: Epidemiologia","Conceito","68","O que define um geo-helminto?","Nematódeo em que a maturação dos ovos e larvas até a forma infectante ocorre no solo."
"Geo-helmintos: Epidemiologia","Conceito","69","Quais parasitos o grupo dos geo-helmintos reúne?","Ascaris lumbricoides (ascaridíase), os Ancilostomídeos -- Ancylostoma e Necator (ancilostomíase), Strongyloides stercoralis (estrongiloidíase), Trichuris trichiura (tricuríase) e a larva migrans (Ancylostoma sp. / Toxocara sp.)."
"Geo-helmintos: Epidemiologia","Conceito","70","Em que categoria de doenças os geo-helmintos são classificados, e a que fatores estão associados?","Doenças negligenciadas, associadas a clima, pobreza e saneamento precário, concentradas em países tropicais e subtropicais."
"Geo-helmintos: Epidemiologia","Conceito","71","Quando a apresentação clínica dos geo-helmintos costuma se manifestar?","Quando a carga parasitária é alta."
"Geo-helmintos: Epidemiologia","Conceito","72","Qual a estimativa de mortes por geo-helmintos por ano?","De 12.000 a 135.000 mortes por ano."
"Geo-helmintos: Epidemiologia","Conceito","73","Segundo o mapeamento geoespacial de Scholte et al. (2013), onde se concentra a alta prevalência (acima de 30%) de Ascaris lumbricoides no Brasil?","Na Região Norte (bacia amazônica) e na faixa litorânea contínua do Nordeste; o restante do país tem menos de 7%, exceto focos isolados no norte de Minas Gerais e no Vale do Ribeira."
"Geo-helmintos: Epidemiologia","Conceito","74","Onde se concentra a alta prevalência (acima de 12%) de Trichuris trichiura no Brasil?","Na Região Norte, sobretudo Amazonas, Acre, Rondônia, Pará e Roraima, além do noroeste do Maranhão; quase toda a metade sul do país tem menos de 1%."
"Geo-helmintos: Epidemiologia","Conceito","75","Onde se concentra a alta prevalência (acima de 35%) de Ancilostomídeos no Brasil?","De forma fragmentada pela Região Norte, por bolsões rurais do Sudeste (norte/leste de Minas Gerais e Espírito Santo) e por partes do Nordeste (Bahia e Maranhão); áreas de clima temperado e semiárido têm menos de 5%."
"Geo-helmintos: Epidemiologia","Conceito","76","Segundo Crompton e Nesheim (2002), quais aspectos do desenvolvimento a infecção crônica por geo-helmintos altera?","O crescimento, o intelecto, a cognição e o desempenho escolar."
"Geo-helmintos: Epidemiologia","Conceito","77","Qual a janela de maior impacto do Ascaris por idade, e qual sua sequela principal?","Começa por volta de 1 ano (desmame e transição para a dieta e água da casa), atinge o pico na idade pré-escolar e escolar (1 a 10 anos) e diminui na vida adulta; a sequela principal é a redução da taxa de crescimento."
"Geo-helmintos: Epidemiologia","Conceito","78","Qual a janela de maior impacto do Trichuris por idade, e quais suas sequelas?","Começa no fim da idade pré-escolar (cerca de 2 anos), com pico na idade escolar (5 a 10 anos), e declina na vida adulta; as sequelas são redução da taxa de crescimento, síndrome disentérica por Trichuris (TDS) e deficiência de ferro."
"Geo-helmintos: Epidemiologia","Conceito","79","Qual a janela de maior impacto dos Ancilostomídeos por idade, e qual sua particularidade em relação aos outros geo-helmintos?","Começa discretamente no fim da idade pré-escolar (4 a 5 anos), ganha intensidade na idade escolar e, diferente de Ascaris e Trichuris, se mantém em intensidade máxima durante toda a vida adulta (até os 60 anos ou mais), cobrindo a idade de trabalho e a idade reprodutiva feminina; a sequela principal é deficiência de ferro e anemia ferropriva."
"Geo-helmintos: Epidemiologia","Vinheta (estrutura)","80","Uma criança de uma área rural endêmica apresenta baixa taxa de crescimento havia anos; ao se tornar adulta e continuar exposta ao mesmo solo contaminado, a carga desse parasito continuaria intensa por décadas, diferente dos outros geo-helmintos, que diminuem na vida adulta. De qual grupo de parasitos se trata?","Ancilostomídeos (Ancylostoma duodenale e Necator americanus) -- únicos, entre os geo-helmintos citados, cuja janela de impacto se mantém em intensidade máxima durante toda a vida adulta."
